Mass,Zprime_tau_m_right_bottom_left,Zprime_tau_m_left_bottom_left,Zprime_tau_m_left_bottom_right,Zprime_tau_m_right_bottom_right,sLQ_tau_m_right,sLQ_tau_m_left,vLQ_tau_m_L_tau_p_R,vLQ_tau_m_R_tau_p_L,vLQ_tau_m_L_tau_p_L,vLQ_tau_m_R_tau_p_R
500,0.2593,0.2587,0.2593,0.2587,0.04916,6.182e-06,0.08013,0.06691,0.2023,0.1986
510,0.2387,0.2391,0.2387,0.2391,0.04628,5.742e-06,0.07382,0.0631,0.1896,0.188
520,0.2191,0.2182,0.2191,0.2182,0.04344,5.265e-06,0.06939,0.05915,0.1757,0.1764
530,0.202,0.2016,0.202,0.2016,0.04018,4.909e-06,0.06496,0.05556,0.1645,0.1641
540,0.1865,0.1869,0.1865,0.1869,0.03811,4.662e-06,0.06098,0.05223,0.1552,0.1536
550,0.1732,0.1736,0.1732,0.1736,0.0358,4.293e-06,0.05668,0.04704,0.1468,0.1453
560,0.1598,0.1587,0.1598,0.1587,0.03436,4.032e-06,0.05373,0.04544,0.1363,0.1356
570,0.1488,0.1489,0.1488,0.1489,0.03223,3.745e-06,0.05018,0.04232,0.1305,0.129
580,0.137,0.1367,0.137,0.1367,0.02994,3.507e-06,0.04726,0.04096,0.1216,0.1198
590,0.1283,0.1277,0.1283,0.1277,0.02891,3.249e-06,0.04456,0.0379,0.1135,0.1122
600,0.1184,0.1188,0.1184,0.1188,0.02679,3.082e-06,0.04104,0.03556,0.1089,0.1063
610,0.1106,0.1101,0.1106,0.1101,0.02469,2.849e-06,0.03905,0.03331,0.1012,0.09938
620,0.1032,0.1019,0.1032,0.1019,0.02371,2.692e-06,0.03716,0.03165,0.09584,0.09503
630,0.09623,0.0958,0.09623,0.0958,0.0228,2.55e-06,0.0352,0.03006,0.09104,0.09066
640,0.08944,0.08971,0.08944,0.08971,0.0216,2.346e-06,0.03373,0.02871,0.08737,0.08688
650,0.08299,0.08301,0.08299,0.08301,0.02036,2.227e-06,0.03211,0.02724,0.08281,0.0817
660,0.07684,0.0782,0.07684,0.0782,0.01954,2.118e-06,0.02967,0.02538,0.07828,0.07601
670,0.07339,0.07274,0.07339,0.07274,0.01846,1.97e-06,0.02834,0.02406,0.07405,0.07263
680,0.06789,0.06841,0.06789,0.06841,0.01698,1.841e-06,0.02641,0.02269,0.06999,0.0693
690,0.06371,0.06375,0.06371,0.06375,0.01667,1.751e-06,0.02562,0.02193,0.06638,0.0661
700,0.06012,0.05998,0.06012,0.05998,0.01589,1.676e-06,0.02421,0.02041,0.06311,0.06265
710,0.0564,0.0557,0.0564,0.0557,0.01464,1.582e-06,0.02301,0.01938,0.05928,0.05912
720,0.05339,0.05272,0.05339,0.05272,0.0144,1.513e-06,0.02169,0.01847,0.05671,0.0577
730,0.04964,0.04953,0.04964,0.04953,0.01374,1.417e-06,0.0209,0.01776,0.05414,0.05491
740,0.0465,0.04691,0.0465,0.04691,0.01329,1.325e-06,0.01985,0.01687,0.05157,0.0517
750,0.04365,0.04397,0.04365,0.04397,0.0127,1.27e-06,0.01839,0.01584,0.04888,0.04875
760,0.04123,0.04116,0.04123,0.04116,0.01209,1.212e-06,0.01796,0.01516,0.04667,0.04648
770,0.03879,0.03851,0.03879,0.03851,0.01144,1.149e-06,0.01691,0.01403,0.04478,0.0446
780,0.0366,0.0364,0.0366,0.0364,0.01076,1.092e-06,0.01533,0.01349,0.04205,0.04218
790,0.03461,0.03457,0.03461,0.03457,0.01049,1.047e-06,0.01572,0.01336,0.04117,0.03956
800,0.03257,0.0325,0.03257,0.0325,0.009849,9.857e-07,0.01479,0.01248,0.03931,0.03875
810,0.03091,0.0308,0.03091,0.0308,0.009566,9.412e-07,0.01406,0.01199,0.03771,0.0376
820,0.02891,0.02912,0.02891,0.02912,0.009227,8.909e-07,0.01339,0.01133,0.03599,0.0357
830,0.02731,0.02745,0.02731,0.02745,0.008866,8.605e-07,0.0131,0.01105,0.03456,0.03364
840,0.02586,0.02577,0.02586,0.02577,0.008326,8.07e-07,0.01249,0.01058,0.03294,0.0327
850,0.02423,0.02438,0.02423,0.02438,0.008121,7.709e-07,0.01183,0.009953,0.03141,0.03149
860,0.02321,0.02329,0.02321,0.02329,0.007782,7.443e-07,0.01133,0.009556,0.03031,0.02947
870,0.02194,0.02188,0.02194,0.02188,0.007377,6.95e-07,0.01089,0.00929,0.02917,0.02857
880,0.02091,0.02078,0.02091,0.02078,0.007115,6.756e-07,0.01052,0.008806,0.02773,0.02758
890,0.01968,0.0198,0.01968,0.0198,0.006874,6.476e-07,0.01002,0.008527,0.02657,0.02653
900,0.01852,0.01858,0.01852,0.01858,0.006453,6.12e-07,0.009603,0.008131,0.02541,0.02576
910,0.01758,0.01754,0.01758,0.01754,0.006365,5.944e-07,0.009078,0.007766,0.02487,0.02455
920,0.01681,0.01652,0.01681,0.01652,0.006043,5.644e-07,0.008832,0.007488,0.02363,0.02355
930,0.01599,0.0159,0.01599,0.0159,0.005875,5.477e-07,0.008397,0.007232,0.02301,0.02248
940,0.01513,0.01516,0.01513,0.01516,0.005671,5.233e-07,0.008188,0.006985,0.02196,0.02172
950,0.01444,0.01439,0.01444,0.01439,0.00544,4.971e-07,0.007846,0.006589,0.02089,0.02117
960,0.01357,0.01364,0.01357,0.01364,0.00532,4.763e-07,0.007485,0.006359,0.0202,0.02023
970,0.01293,0.01293,0.01293,0.01293,0.005162,4.622e-07,0.007349,0.006076,0.01976,0.01955
980,0.01235,0.01235,0.01235,0.01235,0.004861,4.448e-07,0.007047,0.005995,0.01864,0.01863
990,0.01181,0.01173,0.01181,0.01173,0.00476,4.267e-07,0.00675,0.005725,0.01839,0.01804
1000,0.01114,0.01113,0.01114,0.01113,0.004558,4.006e-07,0.006504,0.005496,0.0173,0.01745
1010,0.01067,0.0107,0.01067,0.0107,0.004432,3.905e-07,0.00625,0.005321,0.01675,0.01665
1020,0.01018,0.01018,0.01018,0.01018,0.004167,3.737e-07,0.005998,0.005119,0.01634,0.01569
1030,0.009665,0.009604,0.009665,0.009604,0.004151,3.624e-07,0.005778,0.004885,0.01567,0.01542
1040,0.009198,0.009147,0.009198,0.009147,0.003994,3.474e-07,0.005646,0.004761,0.01508,0.0151
1050,0.008747,0.008754,0.008747,0.008754,0.003828,3.388e-07,0.005395,0.004497,0.01457,0.01461
1060,0.008223,0.008319,0.008223,0.008319,0.003694,3.246e-07,0.005234,0.004382,0.01406,0.01405
1070,0.007954,0.007987,0.007954,0.007987,0.003636,3.121e-07,0.004957,0.004238,0.01392,0.01342
1080,0.007599,0.007529,0.007599,0.007529,0.003458,2.971e-07,0.00492,0.004165,0.01299,0.01294
1090,0.007278,0.007266,0.007278,0.007266,0.003352,2.901e-07,0.004634,0.00392,0.01274,0.01261
1100,0.006907,0.006945,0.006907,0.006945,0.003223,2.795e-07,0.004562,0.003878,0.01237,0.01223
1110,0.006651,0.00653,0.006651,0.00653,0.003176,2.669e-07,0.004391,0.003621,0.01174,0.01169
1120,0.006325,0.006357,0.006325,0.006357,0.002994,2.608e-07,0.004213,0.003596,0.01148,0.01157
1130,0.005994,0.005901,0.005994,0.005901,0.002892,2.489e-07,0.004094,0.003493,0.01115,0.01108
1140,0.005816,0.005813,0.005816,0.005813,0.002873,2.428e-07,0.003907,0.003343,0.01061,0.0107
1150,0.00554,0.005499,0.00554,0.005499,0.002735,2.374e-07,0.003797,0.003186,0.01047,0.01027
1160,0.005326,0.005332,0.005326,0.005332,0.002653,2.268e-07,0.003703,0.003119,0.01009,0.01
1170,0.005039,0.005059,0.005039,0.005059,0.002553,2.168e-07,0.003587,0.003061,0.009836,0.009382
1180,0.004805,0.004868,0.004805,0.004868,0.002505,2.119e-07,0.003456,0.002942,0.009352,0.0095
1190,0.004627,0.004642,0.004627,0.004642,0.00243,2.019e-07,0.003148,0.002836,0.009164,0.009211
1200,0.004416,0.004397,0.004416,0.004397,0.002385,1.968e-07,0.00326,0.002723,0.008632,0.008872
1210,0.004233,0.004248,0.004233,0.004248,0.002294,1.94e-07,0.003188,0.002704,0.008698,0.008598
1220,0.004075,0.004073,0.004075,0.004073,0.002219,1.843e-07,0.003089,0.00261,0.008374,0.008411
1230,0.00391,0.003902,0.00391,0.003902,0.002177,1.764e-07,0.003013,0.002532,0.008112,0.008023
1240,0.003719,0.003688,0.003719,0.003688,0.002102,1.749e-07,0.00291,0.002477,0.007658,0.00785
1250,0.003553,0.003574,0.003553,0.003574,0.002039,1.649e-07,0.002789,0.002369,0.007635,0.007694
1260,0.003441,0.003432,0.003441,0.003432,0.001984,1.631e-07,0.002791,0.002317,0.007582,0.007366
1270,0.003257,0.003302,0.003257,0.003302,0.0019,1.596e-07,0.002603,0.002256,0.007241,0.007165
1280,0.003135,0.00314,0.003135,0.00314,0.001885,1.497e-07,0.002564,0.002176,0.007009,0.006993
1290,0.003031,0.002994,0.003031,0.002994,0.001815,1.501e-07,0.002471,0.002091,0.006754,0.006811
1300,0.002833,0.002881,0.002833,0.002881,0.001729,1.407e-07,0.002402,0.00207,0.006561,0.006555
1310,0.002806,0.002799,0.002806,0.002799,0.001727,1.387e-07,0.002343,0.001968,0.006413,0.00642
1320,0.002657,0.002692,0.002657,0.002692,0.001674,1.37e-07,0.002286,0.00193,0.006306,0.006198
1330,0.002557,0.002556,0.002557,0.002556,0.001612,1.312e-07,0.002204,0.001881,0.006084,0.005992
1340,0.002472,0.002483,0.002472,0.002483,0.001573,1.275e-07,0.002149,0.001816,0.005949,0.005866
1350,0.002378,0.002387,0.002378,0.002387,0.00156,1.218e-07,0.002098,0.001785,0.005785,0.005752
1360,0.002303,0.002263,0.002303,0.002263,0.001496,1.187e-07,0.002048,0.001716,0.005679,0.00557
1370,0.002202,0.002197,0.002202,0.002197,0.001456,1.165e-07,0.00194,0.001679,0.005382,0.005387
1380,0.002114,0.002105,0.002114,0.002105,0.001439,1.131e-07,0.001935,0.001621,0.005289,0.005277
1390,0.00203,0.002021,0.00203,0.002021,0.001396,1.112e-07,0.00188,0.001568,0.00517,0.005156
1400,0.001964,0.001953,0.001964,0.001953,0.001359,1.063e-07,0.001806,0.001553,0.005044,0.004952
1410,0.001875,0.001864,0.001875,0.001864,0.001331,1.023e-07,0.001769,0.0015,0.004856,0.004874
1420,0.001805,0.001802,0.001805,0.001802,0.001283,1.018e-07,0.001715,0.001443,0.004785,0.004712
1430,0.001736,0.001726,0.001736,0.001726,0.001246,9.941e-08,0.001701,0.001424,0.004658,0.004608
1440,0.001654,0.001673,0.001654,0.001673,0.001209,9.548e-08,0.001602,0.001387,0.004511,0.004517
1450,0.001598,0.001585,0.001598,0.001585,0.001195,9.472e-08,0.001594,0.001321,0.004444,0.004386
1460,0.001543,0.001552,0.001543,0.001552,0.00114,8.979e-08,0.001562,0.001316,0.004291,0.004254
1470,0.001474,0.001492,0.001474,0.001492,0.001126,8.923e-08,0.001517,0.001307,0.004207,0.004135
1480,0.00143,0.001427,0.00143,0.001427,0.001112,8.642e-08,0.001455,0.001245,0.004072,0.004014
1490,0.001386,0.001384,0.001386,0.001384,0.001082,8.403e-08,0.001451,0.001202,0.003988,0.003968
1500,0.001335,0.001326,0.001335,0.001326,0.001049,8.136e-08,0.001399,0.001195,0.003862,0.003818
1510,0.001277,0.00128,0.001277,0.00128,0.001017,7.927e-08,0.001336,0.001155,0.003729,0.003797
1520,0.00124,0.001243,0.00124,0.001243,0.0009903,7.714e-08,0.001331,0.001136,0.003688,0.003651
1530,0.001181,0.001197,0.001181,0.001197,0.0009697,7.411e-08,0.001287,0.001091,0.003603,0.003607
1540,0.00115,0.00115,0.00115,0.00115,0.000952,7.364e-08,0.001272,0.001076,0.003502,0.003479
1550,0.001123,0.001106,0.001123,0.001106,0.0009189,6.949e-08,0.00124,0.001049,0.003414,0.003422
1560,0.001063,0.001064,0.001063,0.001064,0.0009034,7.061e-08,0.001209,0.001019,0.003343,0.003332
1570,0.001028,0.001033,0.001028,0.001033,0.0008899,6.744e-08,0.001163,0.0009879,0.003286,0.00323
1580,0.001003,0.0009764,0.001003,0.0009764,0.000862,6.607e-08,0.001132,0.0009652,0.00322,0.003161
1590,0.0009589,0.0009631,0.0009589,0.0009631,0.0007935,6.475e-08,0.001123,0.0009463,0.003126,0.003028
1600,0.0009207,0.0009262,0.0009207,0.0009262,0.0008289,6.346e-08,0.001081,0.0009098,0.003026,0.002995
1610,0.0008925,0.0008969,0.0008925,0.0008969,0.0007989,6.141e-08,0.00107,0.0009046,0.002985,0.002675
1620,0.0008669,0.0008684,0.0008669,0.0008684,0.0007802,6.009e-08,0.001038,0.0008793,0.00287,0.002862
1630,0.0008389,0.0008347,0.0008389,0.0008347,0.0007757,5.782e-08,0.001014,0.0008622,0.002673,0.002817
1640,0.0008044,0.0008152,0.0008044,0.0008152,0.0007309,5.601e-08,0.000984,0.0008395,0.002748,0.002679
1650,0.000785,0.0007823,0.000785,0.0007823,0.0007407,5.601e-08,0.0009762,0.0008278,0.002731,0.002645
1660,0.0007525,0.0007577,0.0007525,0.0007577,0.0007205,5.442e-08,0.0009551,0.0008065,0.002652,0.002651
1670,0.0007196,0.0007242,0.0007196,0.0007242,0.0007095,5.345e-08,0.0009248,0.0007851,0.002578,0.002597
1680,0.0007026,0.000705,0.0007026,0.000705,0.000677,5.202e-08,0.0008774,0.0007459,0.002534,0.002526
1690,0.0006757,0.0006708,0.0006757,0.0006708,0.0006771,5.142e-08,0.0008885,0.0007534,0.002465,0.002465
1700,0.0006526,0.0006565,0.0006526,0.0006565,0.0006641,4.982e-08,0.00087,0.0007186,0.002413,0.002404
1710,0.0006324,0.0006237,0.0006324,0.0006237,0.0006477,4.847e-08,0.0008414,0.0007073,0.002372,0.002341
1720,0.0006124,0.0006084,0.0006124,0.0006084,0.0006385,4.762e-08,0.0008258,0.0006938,0.002281,0.00226
1730,0.0005927,0.0005891,0.0005927,0.0005891,0.000625,4.578e-08,0.0008052,0.0006887,0.002258,0.002171
1740,0.0005757,0.0005717,0.0005757,0.0005717,0.0006011,4.478e-08,0.0007861,0.0006715,0.002218,0.002211
1750,0.0005535,0.0005543,0.0005535,0.0005543,0.0005944,4.416e-08,0.0007748,0.0006575,0.00218,0.002131
1760,0.0005359,0.000539,0.0005359,0.000539,0.0005841,4.38e-08,0.0007589,0.0006372,0.002112,0.002099
1770,0.0005178,0.0005202,0.0005178,0.0005202,0.000559,4.133e-08,0.0007406,0.0006241,0.002042,0.00204
1780,0.0005025,0.0005049,0.0005025,0.0005049,0.0005509,4.085e-08,0.0007129,0.000616,0.002015,0.002014
1790,0.0004869,0.0004871,0.0004869,0.0004871,0.0005451,4.026e-08,0.0007073,0.0005979,0.001953,0.001968
1800,0.000471,0.0004728,0.000471,0.0004728,0.000532,3.944e-08,0.0006739,0.0005838,0.001924,0.001932
1810,0.0004468,0.0004563,0.0004468,0.0004563,0.0005246,3.871e-08,0.000681,0.0005729,0.001898,0.001885
1820,0.0004415,0.0004356,0.0004415,0.0004356,0.0005123,3.802e-08,0.0006595,0.0005627,0.001882,0.001847
1830,0.0004247,0.0004269,0.0004247,0.0004269,0.0005021,3.68e-08,0.0006572,0.0005333,0.001842,0.001809
1840,0.0004139,0.0004105,0.0004139,0.0004105,0.0004813,3.653e-08,0.0006341,0.000546,0.001787,0.001778
1850,0.0004006,0.0003955,0.0004006,0.0003955,0.0004853,3.51e-08,0.0006207,0.0005253,0.001749,0.001741
1860,0.0003878,0.0003854,0.0003878,0.0003854,0.0004633,3.518e-08,0.000604,0.0004837,0.001513,0.001696
1870,0.0003755,0.0003725,0.0003755,0.0003725,0.0004549,3.35e-08,0.0006035,0.0005118,0.001686,0.001659
1880,0.0003624,0.0003634,0.0003624,0.0003634,0.0004575,3.32e-08,0.0005798,0.0004961,0.001661,0.001618
1890,0.000349,0.0003526,0.000349,0.0003526,0.0004447,3.29e-08,0.000556,0.0004884,0.001607,0.001599
1900,0.0003421,0.0003425,0.0003421,0.0003425,0.000429,3.148e-08,0.0005575,0.0004746,0.001583,0.001583
1910,0.0003314,0.0003307,0.0003314,0.0003307,0.0004242,3.129e-08,0.0005424,0.0004684,0.001554,0.001553
1920,0.0003211,0.0003156,0.0003211,0.0003156,0.0004171,3.062e-08,0.0005425,0.0004608,0.001531,0.001464
1930,0.0003083,0.0003102,0.0003083,0.0003102,0.0004128,2.99e-08,0.0005282,0.0004483,0.001512,0.00147
1940,0.0003004,0.0002999,0.0003004,0.0002999,0.000397,2.883e-08,0.0005245,0.0004332,0.001425,0.001442
1950,0.0002935,0.0002888,0.0002935,0.0002888,0.0003918,2.805e-08,0.0005062,0.0004314,0.001427,0.001438
1960,0.0002824,0.0002819,0.0002824,0.0002819,0.0003853,2.815e-08,0.0004946,0.0004179,0.001408,0.001367
1970,0.0002753,0.0002745,0.0002753,0.0002745,0.0003849,2.722e-08,0.0004886,0.0004121,0.001378,0.001347
1980,0.0002659,0.0002662,0.0002659,0.0002662,0.0003761,2.704e-08,0.0004777,0.0004059,0.001328,0.001342
1990,0.0002574,0.00026,0.0002574,0.00026,0.0003686,2.646e-08,0.0004688,0.0003993,0.001305,0.001303
2000,0.0002493,0.0002505,0.0002493,0.0002505,0.0003626,2.592e-08,0.0004509,0.0003855,0.001307,0.001277
2010,0.0002433,0.0002421,0.0002433,0.0002421,0.0003496,2.555e-08,0.0004534,0.0003825,0.001278,0.001265
2020,0.0002354,0.000235,0.0002354,0.000235,0.0003413,2.481e-08,0.0004438,0.0003724,0.001261,0.001244
2030,0.0002292,0.0002279,0.0002292,0.0002279,0.0003385,2.477e-08,0.0004313,0.0003659,0.001206,0.001208
2040,0.0002215,0.0002216,0.0002215,0.0002216,0.0003326,2.405e-08,0.0004231,0.000358,0.001205,0.001197
2050,0.0002149,0.0002147,0.0002149,0.0002147,0.0003272,2.347e-08,0.0004153,0.0003487,0.00119,0.001156
2060,0.0002092,0.0002077,0.0002092,0.0002077,0.0003213,2.313e-08,0.000411,0.000345,0.001161,0.001143
2070,0.000203,0.0002009,0.000203,0.0002009,0.0003106,2.281e-08,0.0003994,0.0003404,0.001156,0.001138
2080,0.0001945,0.0001968,0.0001945,0.0001968,0.0003057,2.242e-08,0.0003959,0.0003264,0.001132,0.001115
2090,0.0001911,0.0001923,0.0001911,0.0001923,0.0003042,2.169e-08,0.000395,0.0003251,0.001112,0.001074
2100,0.0001846,0.000185,0.0001846,0.000185,0.0002979,2.121e-08,0.000383,0.0003229,0.001081,0.00108
2110,0.0001807,0.0001807,0.0001807,0.0001807,0.0002927,2.104e-08,0.0003732,0.0003177,0.00105,0.001046
2120,0.0001754,0.0001743,0.0001754,0.0001743,0.0002866,2.078e-08,0.0003685,0.0003109,0.001052,0.001034
2130,0.0001703,0.0001694,0.0001703,0.0001694,0.0002788,2.037e-08,0.0003566,0.0003031,0.00101,0.001012
2140,0.0001652,0.0001653,0.0001652,0.0001653,0.0002782,1.991e-08,0.0003603,0.0003021,0.001023,0.0009929
2150,0.0001599,0.0001603,0.0001599,0.0001603,0.0002711,1.936e-08,0.0003029,0.0002873,0.000989,0.0009765
2160,0.0001552,0.0001555,0.0001552,0.0001555,0.0002689,1.882e-08,0.0003431,0.0002914,0.0009589,0.0009663
2170,0.000151,0.0001495,0.000151,0.0001495,0.0002625,1.883e-08,0.000337,0.0002843,0.0009503,0.0009029
2180,0.0001467,0.0001473,0.0001467,0.0001473,0.0002575,1.818e-08,0.0003313,0.000277,0.0009331,0.0009311
2190,0.0001413,0.0001413,0.0001413,0.0001413,0.0002534,1.822e-08,0.0003233,0.0002731,0.0009054,0.0009166
2200,0.000138,0.0001397,0.000138,0.0001397,0.0002493,1.751e-08,0.000321,0.0002706,0.0009091,0.0008935
2210,0.000135,0.0001338,0.000135,0.0001338,0.0002453,1.75e-08,0.0003113,0.0002623,0.0008954,0.0008832
2220,0.0001309,0.0001312,0.0001309,0.0001312,0.000241,1.715e-08,0.0003113,0.0002609,0.0008688,0.0008469
2230,0.0001278,0.0001275,0.0001278,0.0001275,0.0002373,1.683e-08,0.0002993,0.0002526,0.0008548,0.0008444
2240,0.0001233,0.0001238,0.0001233,0.0001238,0.0002327,1.659e-08,0.0002966,0.0002446,0.0008246,0.0008285
2250,0.0001205,0.0001201,0.0001205,0.0001201,0.000229,1.63e-08,0.0002909,0.0002436,0.0008308,0.0008186
2260,0.0001171,0.0001173,0.0001171,0.0001173,0.0002193,1.601e-08,0.000286,0.0002424,0.0008184,0.0007873
2270,0.0001145,0.0001153,0.0001145,0.0001153,0.0002232,1.565e-08,0.0002805,0.000239,0.0008001,0.000794
2280,0.0001109,0.0001109,0.0001109,0.0001109,0.0002131,1.527e-08,0.0002747,0.0002327,0.0007736,0.0007797
2290,0.0001079,0.0001069,0.0001079,0.0001069,0.0002135,1.507e-08,0.0002726,0.00023,0.0007556,0.0007647
2300,0.0001046,0.0001045,0.0001046,0.0001045,0.0002108,1.49e-08,0.0002661,0.000226,0.0007621,0.0007473
2310,0.0001016,0.000102,0.0001016,0.000102,0.0002077,1.446e-08,0.0002611,0.0002246,0.000745,0.0007282
2320,9.892e-05,9.89e-05,9.892e-05,9.89e-05,0.0002052,1.439e-08,0.0002585,0.00022,0.0007278,0.000731
2330,9.7e-05,9.695e-05,9.7e-05,9.695e-05,0.0001977,1.422e-08,0.0002559,0.0002139,0.000728,0.0007194
2340,9.383e-05,9.408e-05,9.383e-05,9.408e-05,0.0002002,1.371e-08,0.0002529,0.0002126,0.0007123,0.0007013
2350,9.197e-05,9.104e-05,9.197e-05,9.104e-05,0.0001925,1.357e-08,0.0002474,0.0002095,0.0006982,0.0006718
2360,8.954e-05,8.896e-05,8.954e-05,8.896e-05,0.0001815,1.342e-08,0.0002425,0.0002046,0.000682,0.0006826
2370,8.684e-05,8.587e-05,8.684e-05,8.587e-05,0.0001903,1.318e-08,0.0002398,0.0002002,0.0006726,0.0006687
2380,8.545e-05,8.3e-05,8.545e-05,8.3e-05,0.0001848,1.306e-08,0.0002301,0.0001974,0.0006511,0.0006563
2390,8.255e-05,8.249e-05,8.255e-05,8.249e-05,0.0001792,1.275e-08,0.0002299,0.0001922,0.000654,0.0006538
2400,7.97e-05,8.062e-05,7.97e-05,8.062e-05,0.0001788,1.25e-08,0.0002241,0.000189,0.0006388,0.0006367
2410,7.814e-05,7.79e-05,7.814e-05,7.79e-05,0.0001749,1.205e-08,0.0002211,0.0001878,0.000639,0.0005939
2420,7.608e-05,7.602e-05,7.608e-05,7.602e-05,0.0001761,1.207e-08,0.0002206,0.0001863,0.0006087,0.0006127
2430,7.343e-05,7.344e-05,7.343e-05,7.344e-05,0.0001711,1.191e-08,0.0002179,0.0001809,0.0006137,0.0006074
2440,7.198e-05,7.224e-05,7.198e-05,7.224e-05,0.0001651,1.18e-08,0.0002095,0.0001798,0.0006046,0.0006006
2450,7.049e-05,6.998e-05,7.049e-05,6.998e-05,0.0001623,1.156e-08,0.0002088,0.0001774,0.0005948,0.0005901
2460,6.828e-05,6.882e-05,6.828e-05,6.882e-05,0.0001621,1.144e-08,0.0002067,0.0001751,0.0005845,0.0005729
2470,6.664e-05,6.745e-05,6.664e-05,6.745e-05,0.0001587,1.129e-08,0.0002022,0.0001709,0.0005814,0.0005734
2480,6.523e-05,6.487e-05,6.523e-05,6.487e-05,0.0001578,1.112e-08,0.0001989,0.0001698,0.0005638,0.0005599
2490,6.305e-05,6.332e-05,6.305e-05,6.332e-05,0.0001553,1.072e-08,0.0001952,0.0001661,0.0005685,0.0005534
2500,6.194e-05,6.172e-05,6.194e-05,6.172e-05,0.0001517,1.05e-08,0.0001888,0.0001629,0.0005527,0.0005483
2510,6.015e-05,6.01e-05,6.015e-05,6.01e-05,0.0001483,1.04e-08,0.000188,0.0001613,0.0005436,0.0005396
2520,5.816e-05,5.85e-05,5.816e-05,5.85e-05,0.0001479,1.02e-08,0.0001859,0.0001557,0.0005372,0.0005325
2530,5.642e-05,5.652e-05,5.642e-05,5.652e-05,0.0001449,1.015e-08,0.0001837,0.0001541,0.0005269,0.0005233
2540,5.578e-05,5.541e-05,5.578e-05,5.541e-05,0.0001447,1.005e-08,0.0001824,0.0001511,0.0005248,0.0005108
2550,5.392e-05,5.463e-05,5.392e-05,5.463e-05,0.0001421,9.976e-09,0.0001799,0.0001498,0.0004898,0.0004931
2560,5.338e-05,5.295e-05,5.338e-05,5.295e-05,0.00014,9.597e-09,0.000177,0.0001493,0.0004886,0.0004964
2570,5.171e-05,5.102e-05,5.171e-05,5.102e-05,0.0001385,9.593e-09,0.0001757,0.0001487,0.0004905,0.000489
2580,4.989e-05,5.061e-05,4.989e-05,5.061e-05,0.0001379,9.204e-09,0.0001718,0.0001397,0.0004838,0.0004726
2590,4.901e-05,4.924e-05,4.901e-05,4.924e-05,0.0001334,9.39e-09,0.0001667,0.0001423,0.0004833,0.0004729
2600,4.776e-05,4.745e-05,4.776e-05,4.745e-05,0.0001316,9.121e-09,0.0001661,0.0001407,0.0004659,0.0004584
2610,4.674e-05,4.663e-05,4.674e-05,4.663e-05,0.0001303,9.028e-09,0.0001646,0.000137,0.0004655,0.0004626
2620,4.565e-05,4.551e-05,4.565e-05,4.551e-05,0.000126,8.671e-09,0.0001617,0.0001353,0.0004583,0.0004558
2630,4.451e-05,4.436e-05,4.451e-05,4.436e-05,0.0001248,8.658e-09,0.0001567,0.0001346,0.0004492,0.0004463
2640,4.33e-05,4.32e-05,4.33e-05,4.32e-05,0.0001234,8.569e-09,0.0001547,0.0001317,0.0004456,0.000441
2650,4.191e-05,4.254e-05,4.191e-05,4.254e-05,0.0001236,8.521e-09,0.0001539,0.0001297,0.0004413,0.0004286
2660,4.119e-05,4.102e-05,4.119e-05,4.102e-05,8.014e-05,8.181e-09,0.0001513,0.0001269,0.0004263,0.0004209
2670,4.034e-05,4.023e-05,4.034e-05,4.023e-05,0.0001196,8.222e-09,0.000148,0.0001259,0.0004232,0.0004148
2680,3.926e-05,3.939e-05,3.926e-05,3.939e-05,0.0001156,8.103e-09,0.0001461,0.0001244,0.0004119,0.000413
2690,3.857e-05,3.851e-05,3.857e-05,3.851e-05,0.000115,7.824e-09,0.0001434,0.0001221,0.0004188,0.0004084
2700,3.753e-05,3.727e-05,3.753e-05,3.727e-05,8.079e-05,7.798e-09,0.0001423,0.0001208,0.0004064,0.0003962
2710,3.661e-05,3.647e-05,3.661e-05,3.647e-05,0.000112,7.689e-09,0.0001404,0.0001154,0.0003904,0.0004019
2720,3.574e-05,3.575e-05,3.574e-05,3.575e-05,0.0001072,7.58e-09,0.0001385,0.0001167,0.0003916,0.0003894
2730,3.529e-05,3.496e-05,3.529e-05,3.496e-05,0.0001088,7.359e-09,0.0001368,0.0001169,0.0003924,0.0003803
2740,3.394e-05,3.378e-05,3.394e-05,3.378e-05,0.0001072,7.429e-09,0.0001356,0.0001141,0.0003868,0.000381
2750,3.329e-05,3.331e-05,3.329e-05,3.331e-05,0.0001025,7.302e-09,0.0001282,0.000112,0.000371,0.0003783
2760,3.227e-05,3.262e-05,3.227e-05,3.262e-05,0.0001045,7.177e-09,0.0001299,0.0001096,0.000375,0.0003579
2770,3.189e-05,3.175e-05,3.189e-05,3.175e-05,0.0001032,7.133e-09,0.00013,0.00011,0.0003738,0.0003681
2780,3.102e-05,3.109e-05,3.102e-05,3.109e-05,0.0001022,6.988e-09,0.0001263,0.0001057,0.0003668,0.0003593
2790,3.053e-05,2.99e-05,3.053e-05,2.99e-05,0.0001016,6.872e-09,0.0001267,0.0001079,0.0003621,0.000357
2800,2.958e-05,2.949e-05,2.958e-05,2.949e-05,9.912e-05,6.804e-09,0.0001237,0.0001039,0.0003539,0.0003536
2810,2.926e-05,2.892e-05,2.926e-05,2.892e-05,9.77e-05,6.717e-09,0.0001217,0.0001043,0.0003499,0.0003462
2820,2.825e-05,2.812e-05,2.825e-05,2.812e-05,9.384e-05,6.608e-09,0.0001196,0.0001022,0.0003461,0.0003449
2830,2.754e-05,2.746e-05,2.754e-05,2.746e-05,9.337e-05,6.523e-09,0.0001177,9.929e-05,0.000313,0.0003381
2840,2.694e-05,2.685e-05,2.694e-05,2.685e-05,9.072e-05,6.417e-09,0.0001174,9.828e-05,0.0003379,0.0003324
2850,2.628e-05,2.621e-05,2.628e-05,2.621e-05,9.223e-05,6.305e-09,0.0001149,9.754e-05,0.0003332,0.0003237
2860,2.52e-05,2.592e-05,2.52e-05,2.592e-05,9.017e-05,6.17e-09,0.0001122,9.498e-05,0.0003252,0.000325
2870,2.514e-05,2.522e-05,2.514e-05,2.522e-05,8.92e-05,6.134e-09,0.0001134,9.378e-05,0.0003134,0.0003122
2880,2.462e-05,2.473e-05,2.462e-05,2.473e-05,8.87e-05,6.124e-09,0.0001111,9.242e-05,0.0003191,0.0003131
2890,2.398e-05,2.395e-05,2.398e-05,2.395e-05,8.635e-05,6.031e-09,0.0001099,9.255e-05,0.0003157,0.0003093
2900,2.346e-05,2.357e-05,2.346e-05,2.357e-05,8.576e-05,5.904e-09,0.000107,9.099e-05,0.0003108,0.0003082
2910,2.289e-05,2.299e-05,2.289e-05,2.299e-05,8.542e-05,5.823e-09,0.0001057,8.969e-05,0.0003056,0.0002963
2920,2.242e-05,2.237e-05,2.242e-05,2.237e-05,8.224e-05,5.718e-09,0.0001022,8.917e-05,0.0002981,0.0002785
2930,2.203e-05,2.187e-05,2.203e-05,2.187e-05,8.273e-05,5.739e-09,0.0001039,8.763e-05,0.000297,0.0002955
2940,2.16e-05,2.138e-05,2.16e-05,2.138e-05,8.101e-05,5.611e-09,0.0001021,8.562e-05,0.0002913,0.0002908
2950,2.095e-05,2.095e-05,2.095e-05,2.095e-05,8.021e-05,5.545e-09,0.0001013,8.579e-05,0.00029,0.0002884
2960,2.055e-05,2.061e-05,2.055e-05,2.061e-05,8.033e-05,5.353e-09,9.961e-05,8.47e-05,0.0002733,0.0002808
2970,2.019e-05,2.023e-05,2.019e-05,2.023e-05,8.031e-05,5.336e-09,9.798e-05,8.309e-05,0.0002818,0.0002792
2980,1.961e-05,1.982e-05,1.961e-05,1.982e-05,7.69e-05,5.179e-09,9.288e-05,8.226e-05,0.0002779,0.000266
2990,1.926e-05,1.925e-05,1.926e-05,1.925e-05,7.779e-05,5.223e-09,9.414e-05,8.099e-05,0.0002774,0.0002719
3000,1.898e-05,1.883e-05,1.898e-05,1.883e-05,7.643e-05,5.195e-09,9.388e-05,7.885e-05,0.0002591,0.0002702
3010,1.853e-05,1.851e-05,1.853e-05,1.851e-05,7.315e-05,5.109e-09,9.314e-05,7.683e-05,0.0002704,0.0002648
3020,1.805e-05,1.81e-05,1.805e-05,1.81e-05,7.14e-05,5.043e-09,9.205e-05,7.779e-05,0.0002647,0.0002629
3030,1.766e-05,1.766e-05,1.766e-05,1.766e-05,7.221e-05,4.952e-09,8.952e-05,7.58e-05,0.0002614,0.000259
3040,1.721e-05,1.729e-05,1.721e-05,1.729e-05,7.251e-05,4.926e-09,8.808e-05,7.571e-05,0.0002603,0.0002541
3050,1.686e-05,1.684e-05,1.686e-05,1.684e-05,5.603e-05,4.841e-09,8.866e-05,7.488e-05,0.0002529,0.0002495
3060,1.663e-05,1.661e-05,1.663e-05,1.661e-05,7.01e-05,4.788e-09,8.697e-05,7.104e-05,0.0002497,0.0002471
3070,1.646e-05,1.626e-05,1.646e-05,1.626e-05,6.946e-05,4.668e-09,8.468e-05,7.289e-05,0.0002491,0.0002436
3080,1.595e-05,1.592e-05,1.595e-05,1.592e-05,6.881e-05,4.628e-09,8.478e-05,7.201e-05,0.000246,0.0002433
3090,1.549e-05,1.552e-05,1.549e-05,1.552e-05,6.786e-05,4.602e-09,8.385e-05,7.056e-05,0.0002415,0.0002392
3100,1.498e-05,1.529e-05,1.498e-05,1.529e-05,6.539e-05,4.517e-09,8.279e-05,6.884e-05,0.0002394,0.0002353
3110,1.484e-05,1.5e-05,1.484e-05,1.5e-05,6.508e-05,4.433e-09,8.223e-05,6.87e-05,0.0002364,0.0002333
3120,1.449e-05,1.46e-05,1.449e-05,1.46e-05,6.54e-05,4.42e-09,8.123e-05,6.81e-05,0.0002329,0.0002302
3130,1.433e-05,1.425e-05,1.433e-05,1.425e-05,6.445e-05,4.349e-09,7.888e-05,6.779e-05,0.0002318,0.0002279
3140,1.402e-05,1.399e-05,1.402e-05,1.399e-05,6.361e-05,4.285e-09,7.876e-05,6.596e-05,0.0002266,0.0002191
3150,1.359e-05,1.37e-05,1.359e-05,1.37e-05,6.26e-05,4.245e-09,7.769e-05,6.561e-05,0.0002177,0.0002202
3160,1.348e-05,1.339e-05,1.348e-05,1.339e-05,6.261e-05,4.046e-09,7.711e-05,6.388e-05,0.000214,0.0002174
3170,1.313e-05,1.323e-05,1.313e-05,1.323e-05,6.021e-05,4.142e-09,7.564e-05,6.416e-05,0.0002172,0.0002129
3180,1.287e-05,1.277e-05,1.287e-05,1.277e-05,5.982e-05,4.06e-09,7.506e-05,6.389e-05,0.0002154,0.0002155
3190,1.266e-05,1.256e-05,1.266e-05,1.256e-05,5.972e-05,4.056e-09,7.327e-05,6.347e-05,0.0002122,0.0002114
3200,1.235e-05,1.24e-05,1.235e-05,1.24e-05,5.832e-05,3.97e-09,7.349e-05,6.204e-05,0.0002109,0.0002083
3210,1.214e-05,1.197e-05,1.214e-05,1.197e-05,5.852e-05,3.888e-09,7.148e-05,6.116e-05,0.0002086,0.0002027
3220,1.196e-05,1.187e-05,1.196e-05,1.187e-05,5.732e-05,3.91e-09,6.955e-05,6.032e-05,0.0002055,0.000198
3230,1.177e-05,1.18e-05,1.177e-05,1.18e-05,5.674e-05,3.783e-09,6.98e-05,5.986e-05,0.0001997,0.0002017
3240,1.14e-05,1.143e-05,1.14e-05,1.143e-05,5.578e-05,3.788e-09,6.963e-05,5.876e-05,0.0001995,0.0001968
3250,1.122e-05,1.116e-05,1.122e-05,1.116e-05,5.582e-05,3.731e-09,7.043e-05,5.821e-05,0.0001984,0.0001968
3260,1.108e-05,1.102e-05,1.108e-05,1.102e-05,5.475e-05,3.726e-09,6.833e-05,5.781e-05,0.0001957,0.0001928
3270,1.076e-05,1.072e-05,1.076e-05,1.072e-05,5.423e-05,3.671e-09,6.754e-05,5.668e-05,0.0001947,0.0001925
3280,1.054e-05,1.057e-05,1.054e-05,1.057e-05,5.375e-05,3.531e-09,6.606e-05,5.589e-05,0.00019,0.0001883
3290,1.029e-05,1.04e-05,1.029e-05,1.04e-05,4.893e-05,3.501e-09,6.467e-05,5.552e-05,0.000189,0.0001815
3300,1.018e-05,1.018e-05,1.018e-05,1.018e-05,4.789e-05,3.53e-09,6.522e-05,5.479e-05,0.0001853,0.0001836
3310,9.976e-06,1.002e-05,9.976e-06,1.002e-05,5.185e-05,3.458e-09,6.31e-05,5.39e-05,0.0001802,0.0001774
3320,9.751e-06,9.793e-06,9.751e-06,9.793e-06,5.068e-05,3.425e-09,6.344e-05,5.277e-05,0.0001789,0.0001753
3330,9.564e-06,9.571e-06,9.564e-06,9.571e-06,4.726e-05,3.385e-09,6.263e-05,5.314e-05,0.0001806,0.0001547
3340,9.498e-06,9.462e-06,9.498e-06,9.462e-06,4.954e-05,3.387e-09,6.21e-05,5.123e-05,0.000178,0.0001762
3350,9.198e-06,9.248e-06,9.198e-06,9.248e-06,4.93e-05,3.299e-09,6.148e-05,5.203e-05,0.0001767,0.0001744
3360,9.071e-06,8.915e-06,9.071e-06,8.915e-06,4.881e-05,3.222e-09,5.979e-05,5.132e-05,0.0001735,0.0001729
3370,8.88e-06,8.881e-06,8.88e-06,8.881e-06,4.876e-05,3.222e-09,5.95e-05,5.057e-05,0.0001724,0.0001657
3380,8.643e-06,8.743e-06,8.643e-06,8.743e-06,4.784e-05,3.195e-09,5.843e-05,4.942e-05,0.0001461,0.0001696
3390,8.472e-06,8.609e-06,8.472e-06,8.609e-06,4.557e-05,3.158e-09,5.785e-05,4.877e-05,0.0001635,0.0001646
3400,8.362e-06,8.344e-06,8.362e-06,8.344e-06,4.458e-05,3.132e-09,5.828e-05,4.849e-05,0.0001659,0.0001638
3410,8.204e-06,8.322e-06,8.204e-06,8.322e-06,4.639e-05,3.099e-09,5.677e-05,4.769e-05,0.0001597,0.000164
3420,8.173e-06,8.074e-06,8.173e-06,8.074e-06,4.6e-05,3.018e-09,5.628e-05,4.746e-05,0.0001567,0.0001583
3430,7.909e-06,7.979e-06,7.909e-06,7.979e-06,4.486e-05,2.989e-09,5.571e-05,4.697e-05,0.0001593,0.0001584
3440,7.798e-06,7.818e-06,7.798e-06,7.818e-06,4.44e-05,2.971e-09,5.485e-05,4.653e-05,0.0001585,0.0001566
3450,7.69e-06,7.682e-06,7.69e-06,7.682e-06,4.219e-05,2.917e-09,5.426e-05,4.626e-05,0.0001579,0.000155
3460,7.505e-06,7.526e-06,7.505e-06,7.526e-06,4.384e-05,2.903e-09,5.331e-05,4.455e-05,0.0001549,0.0001544
3470,7.394e-06,7.359e-06,7.394e-06,7.359e-06,4.185e-05,2.86e-09,5.309e-05,4.439e-05,0.0001537,0.0001509
3480,7.292e-06,7.236e-06,7.292e-06,7.236e-06,4.085e-05,2.821e-09,5.099e-05,4.435e-05,0.000152,0.0001509
3490,7.117e-06,7.05e-06,7.117e-06,7.05e-06,4.205e-05,2.808e-09,5.173e-05,4.425e-05,0.0001433,0.00015
3500,7.027e-06,7.006e-06,7.027e-06,7.006e-06,4.234e-05,2.766e-09,5.148e-05,4.366e-05,0.0001453,0.000147
3510,6.9e-06,6.87e-06,6.9e-06,6.87e-06,3.909e-05,2.744e-09,5.085e-05,4.306e-05,0.0001471,0.0001461
3520,6.837e-06,6.742e-06,6.837e-06,6.742e-06,4.049e-05,2.693e-09,4.958e-05,4.226e-05,0.0001468,0.0001416
3530,6.626e-06,6.59e-06,6.626e-06,6.59e-06,4.046e-05,2.671e-09,5.04e-05,4.2e-05,0.0001426,0.0001434
3540,6.487e-06,6.535e-06,6.487e-06,6.535e-06,4.011e-05,2.673e-09,4.922e-05,4.14e-05,0.000142,0.0001357
3550,6.361e-06,6.394e-06,6.361e-06,6.394e-06,3.986e-05,2.613e-09,4.735e-05,3.975e-05,0.0001407,0.0001389
3560,6.247e-06,6.273e-06,6.247e-06,6.273e-06,3.916e-05,2.557e-09,4.8e-05,4.074e-05,0.0001382,0.0001369
3570,6.218e-06,6.205e-06,6.218e-06,6.205e-06,3.863e-05,2.508e-09,4.677e-05,4.039e-05,0.0001375,0.0001354
3580,6.198e-06,6.091e-06,6.198e-06,6.091e-06,3.825e-05,2.504e-09,4.749e-05,4.03e-05,0.0001356,0.0001345
3590,5.883e-06,5.889e-06,5.883e-06,5.889e-06,3.737e-05,2.476e-09,4.663e-05,3.949e-05,0.0001336,0.0001331
3600,5.81e-06,5.932e-06,5.81e-06,5.932e-06,3.679e-05,2.469e-09,4.609e-05,3.869e-05,0.0001334,0.0001321
3610,5.749e-06,5.8e-06,5.749e-06,5.8e-06,3.576e-05,2.442e-09,4.563e-05,3.772e-05,0.0001328,0.000131
3620,5.694e-06,5.655e-06,5.694e-06,5.655e-06,3.525e-05,2.438e-09,4.41e-05,3.826e-05,0.0001289,0.0001287
3630,5.539e-06,5.535e-06,5.539e-06,5.535e-06,3.609e-05,2.397e-09,4.46e-05,3.782e-05,0.0001293,0.0001265
3640,5.386e-06,5.461e-06,5.386e-06,5.461e-06,3.563e-05,2.333e-09,4.451e-05,3.742e-05,0.000127,0.000125
3650,5.443e-06,5.296e-06,5.443e-06,5.296e-06,3.481e-05,2.352e-09,4.351e-05,3.594e-05,0.0001266,0.0001237
3660,5.28e-06,5.307e-06,5.28e-06,5.307e-06,3.447e-05,2.289e-09,4.309e-05,3.633e-05,0.000124,0.0001245
3670,5.185e-06,5.185e-06,5.185e-06,5.185e-06,3.346e-05,2.31e-09,4.239e-05,3.571e-05,0.0001219,0.0001223
3680,5.143e-06,5.151e-06,5.143e-06,5.151e-06,3.339e-05,2.216e-09,4.215e-05,3.557e-05,0.0001227,0.0001213
3690,5.031e-06,5.055e-06,5.031e-06,5.055e-06,3.415e-05,2.251e-09,4.127e-05,3.482e-05,0.0001209,0.0001187
3700,4.891e-06,4.907e-06,4.891e-06,4.907e-06,3.232e-05,2.193e-09,4.083e-05,3.459e-05,0.000121,0.0001185
3710,4.864e-06,4.896e-06,4.864e-06,4.896e-06,3.253e-05,2.172e-09,4.06e-05,3.409e-05,0.0001179,0.0001117
3720,4.823e-06,4.807e-06,4.823e-06,4.807e-06,3.275e-05,2.15e-09,4.03e-05,3.412e-05,0.0001172,0.0001158
3730,4.715e-06,4.725e-06,4.715e-06,4.725e-06,3.294e-05,2.135e-09,4.031e-05,3.408e-05,0.0001156,0.0001159
3740,4.63e-06,4.733e-06,4.63e-06,4.733e-06,3.274e-05,2.149e-09,3.962e-05,3.318e-05,0.0001126,0.0001134
3750,4.594e-06,4.554e-06,4.594e-06,4.554e-06,3.129e-05,2.119e-09,3.871e-05,3.285e-05,0.0001128,0.000112
3760,4.485e-06,4.482e-06,4.485e-06,4.482e-06,3.174e-05,2.116e-09,3.87e-05,3.289e-05,0.0001125,0.0001098
3770,4.428e-06,4.415e-06,4.428e-06,4.415e-06,3.112e-05,2.078e-09,3.814e-05,3.239e-05,0.0001112,0.0001101
3780,4.358e-06,4.334e-06,4.358e-06,4.334e-06,3.148e-05,2.054e-09,3.813e-05,3.182e-05,0.0001104,0.0001021
3790,4.254e-06,4.302e-06,4.254e-06,4.302e-06,3.077e-05,2.044e-09,3.79e-05,3.167e-05,0.0001095,0.0001068
3800,4.236e-06,4.23e-06,4.236e-06,4.23e-06,3.042e-05,2.013e-09,3.713e-05,3.151e-05,0.0001068,0.0001067
3810,4.136e-06,4.111e-06,4.136e-06,4.111e-06,3.009e-05,1.986e-09,3.643e-05,3.039e-05,0.000107,0.0001057
3820,4.096e-06,4.097e-06,4.096e-06,4.097e-06,2.979e-05,1.923e-09,3.651e-05,3.082e-05,0.0001038,0.0001044
3830,4.042e-06,4.009e-06,4.042e-06,4.009e-06,2.916e-05,1.949e-09,3.496e-05,3.068e-05,0.0001041,0.0001021
3840,3.989e-06,4.012e-06,3.989e-06,4.012e-06,2.89e-05,1.903e-09,3.58e-05,2.924e-05,0.0001033,0.0001011
3850,3.929e-06,3.926e-06,3.929e-06,3.926e-06,2.825e-05,1.917e-09,3.564e-05,2.96e-05,0.0001018,0.0001
3860,3.789e-06,3.857e-06,3.789e-06,3.857e-06,2.793e-05,1.896e-09,3.461e-05,2.957e-05,0.0001015,9.667e-05
3870,3.8e-06,3.799e-06,3.8e-06,3.799e-06,2.814e-05,1.85e-09,3.471e-05,2.927e-05,0.0001009,9.785e-05
3880,3.699e-06,3.74e-06,3.699e-06,3.74e-06,2.578e-05,1.845e-09,3.416e-05,2.903e-05,9.733e-05,9.871e-05
3890,3.671e-06,3.665e-06,3.671e-06,3.665e-06,2.752e-05,1.814e-09,3.381e-05,2.845e-05,9.69e-05,9.74e-05
3900,3.612e-06,3.605e-06,3.612e-06,3.605e-06,2.742e-05,1.808e-09,3.329e-05,2.775e-05,9.729e-05,9.594e-05
3910,3.567e-06,3.552e-06,3.567e-06,3.552e-06,2.671e-05,1.795e-09,3.289e-05,2.767e-05,9.617e-05,9.548e-05
3920,3.498e-06,3.474e-06,3.498e-06,3.474e-06,2.71e-05,1.784e-09,3.254e-05,2.767e-05,9.264e-05,9.422e-05
3930,3.444e-06,3.459e-06,3.444e-06,3.459e-06,2.447e-05,1.747e-09,3.214e-05,2.723e-05,9.194e-05,9.08e-05
3940,3.394e-06,3.408e-06,3.394e-06,3.408e-06,2.644e-05,1.747e-09,3.211e-05,2.72e-05,9.308e-05,9.212e-05
3950,3.347e-06,3.375e-06,3.347e-06,3.375e-06,2.527e-05,1.713e-09,3.2e-05,2.673e-05,9.213e-05,9.011e-05
3960,3.299e-06,3.306e-06,3.299e-06,3.306e-06,2.567e-05,1.673e-09,3.048e-05,2.589e-05,8.944e-05,8.97e-05
3970,3.258e-06,3.259e-06,3.258e-06,3.259e-06,2.467e-05,1.674e-09,3.145e-05,2.651e-05,9.036e-05,8.599e-05
3980,3.198e-06,3.236e-06,3.198e-06,3.236e-06,2.526e-05,1.668e-09,3.075e-05,2.525e-05,8.955e-05,8.877e-05
3990,3.226e-06,3.183e-06,3.226e-06,3.183e-06,2.483e-05,1.656e-09,3.06e-05,2.57e-05,8.671e-05,8.774e-05
4000,3.117e-06,3.119e-06,3.117e-06,3.119e-06,2.484e-05,1.626e-09,3.036e-05,2.557e-05,8.784e-05,8.737e-05
4010,3.062e-06,3.086e-06,3.062e-06,3.086e-06,2.377e-05,1.621e-09,2.997e-05,2.535e-05,8.407e-05,8.687e-05
4020,3.052e-06,2.974e-06,3.052e-06,2.974e-06,2.416e-05,1.592e-09,2.976e-05,2.514e-05,8.607e-05,8.481e-05
4030,3.007e-06,2.99e-06,3.007e-06,2.99e-06,2.417e-05,1.595e-09,2.973e-05,2.476e-05,8.571e-05,8.587e-05
4040,2.928e-06,2.986e-06,2.928e-06,2.986e-06,2.371e-05,1.571e-09,2.921e-05,2.461e-05,8.396e-05,8.07e-05
4050,2.9e-06,2.934e-06,2.9e-06,2.934e-06,2.384e-05,1.525e-09,2.842e-05,2.45e-05,8.43e-05,8.201e-05
4060,2.883e-06,2.877e-06,2.883e-06,2.877e-06,2.336e-05,1.55e-09,2.863e-05,2.416e-05,8.248e-05,7.429e-05
4070,2.835e-06,2.853e-06,2.835e-06,2.853e-06,2.253e-05,1.523e-09,2.801e-05,2.361e-05,8.339e-05,8.137e-05
4080,2.857e-06,2.807e-06,2.857e-06,2.807e-06,2.291e-05,1.51e-09,2.804e-05,2.358e-05,8.117e-05,7.97e-05
4090,2.754e-06,2.751e-06,2.754e-06,2.751e-06,2.276e-05,1.485e-09,2.761e-05,2.341e-05,8.009e-05,7.63e-05
4100,2.766e-06,2.707e-06,2.766e-06,2.707e-06,2.234e-05,1.455e-09,2.765e-05,2.346e-05,7.975e-05,7.917e-05
4110,2.662e-06,2.704e-06,2.662e-06,2.704e-06,2.098e-05,1.431e-09,2.743e-05,2.287e-05,7.942e-05,7.423e-05
4120,2.62e-06,2.657e-06,2.62e-06,2.657e-06,2.19e-05,1.449e-09,2.683e-05,2.295e-05,7.873e-05,7.49e-05
4130,2.563e-06,2.61e-06,2.563e-06,2.61e-06,2.169e-05,1.441e-09,2.669e-05,2.259e-05,7.81e-05,7.64e-05
4140,2.565e-06,2.603e-06,2.565e-06,2.603e-06,2.198e-05,1.421e-09,2.657e-05,2.236e-05,7.75e-05,6.524e-05
4150,2.526e-06,2.524e-06,2.526e-06,2.524e-06,2.146e-05,1.414e-09,2.612e-05,2.221e-05,7.39e-05,7.562e-05
4160,2.506e-06,2.515e-06,2.506e-06,2.515e-06,2.134e-05,1.394e-09,2.613e-05,2.19e-05,7.058e-05,7.324e-05
4170,2.462e-06,2.474e-06,2.462e-06,2.474e-06,2.126e-05,1.384e-09,2.543e-05,2.168e-05,6.79e-05,7.399e-05
4180,2.42e-06,2.429e-06,2.42e-06,2.429e-06,2.084e-05,1.332e-09,2.508e-05,2.174e-05,7.389e-05,7.284e-05
4190,2.401e-06,2.409e-06,2.401e-06,2.409e-06,2.058e-05,1.351e-09,2.531e-05,2.099e-05,7.233e-05,7.293e-05
4200,2.364e-06,2.379e-06,2.364e-06,2.379e-06,2.047e-05,1.333e-09,2.492e-05,2.097e-05,7.295e-05,7.161e-05
4210,2.376e-06,2.373e-06,2.376e-06,2.373e-06,2.02e-05,1.323e-09,2.455e-05,2.091e-05,7.227e-05,7.129e-05
4220,2.316e-06,2.303e-06,2.316e-06,2.303e-06,2.004e-05,1.312e-09,2.46e-05,2.055e-05,7.178e-05,7.051e-05
4230,2.295e-06,2.295e-06,2.295e-06,2.295e-06,2.004e-05,1.321e-09,2.412e-05,2.038e-05,7.022e-05,7.029e-05
4240,2.25e-06,2.259e-06,2.25e-06,2.259e-06,1.819e-05,1.303e-09,2.369e-05,2.046e-05,6.985e-05,6.795e-05
4250,2.211e-06,2.222e-06,2.211e-06,2.222e-06,1.889e-05,1.26e-09,2.344e-05,2.019e-05,6.911e-05,6.848e-05
4260,2.163e-06,2.192e-06,2.163e-06,2.192e-06,1.917e-05,1.258e-09,2.344e-05,1.977e-05,6.798e-05,6.736e-05
4270,2.225e-06,2.167e-06,2.225e-06,2.167e-06,1.923e-05,1.251e-09,2.345e-05,1.962e-05,6.702e-05,6.734e-05
4280,2.134e-06,2.149e-06,2.134e-06,2.149e-06,1.884e-05,1.251e-09,2.351e-05,1.949e-05,6.714e-05,6.063e-05
4290,2.138e-06,2.126e-06,2.138e-06,2.126e-06,1.874e-05,1.219e-09,2.305e-05,1.957e-05,6.709e-05,6.548e-05
4300,2.124e-06,2.094e-06,2.124e-06,2.094e-06,1.878e-05,1.206e-09,2.276e-05,1.938e-05,6.659e-05,6.209e-05
4310,2.076e-06,2.058e-06,2.076e-06,2.058e-06,1.837e-05,1.188e-09,2.253e-05,1.835e-05,6.422e-05,6.385e-05
4320,2.036e-06,2.036e-06,2.036e-06,2.036e-06,1.838e-05,1.181e-09,2.274e-05,1.842e-05,6.492e-05,6.365e-05
4330,1.971e-06,2.018e-06,1.971e-06,2.018e-06,1.834e-05,1.205e-09,2.193e-05,1.839e-05,6.404e-05,6.373e-05
4340,1.994e-06,1.984e-06,1.994e-06,1.984e-06,1.781e-05,1.174e-09,2.21e-05,1.858e-05,6.266e-05,6.32e-05
4350,1.91e-06,1.946e-06,1.91e-06,1.946e-06,1.788e-05,1.167e-09,2.211e-05,1.81e-05,6.279e-05,6.242e-05
4360,1.944e-06,1.946e-06,1.944e-06,1.946e-06,1.784e-05,1.165e-09,2.153e-05,1.827e-05,6.325e-05,6.125e-05
4370,1.913e-06,1.937e-06,1.913e-06,1.937e-06,1.687e-05,1.142e-09,2.148e-05,1.804e-05,6.116e-05,6.162e-05
4380,1.899e-06,1.893e-06,1.899e-06,1.893e-06,1.706e-05,1.119e-09,2.104e-05,1.789e-05,6.155e-05,6.039e-05
4390,1.861e-06,1.867e-06,1.861e-06,1.867e-06,1.708e-05,1.123e-09,2.111e-05,1.761e-05,6.077e-05,6.08e-05
4400,1.855e-06,1.849e-06,1.855e-06,1.849e-06,1.695e-05,1.111e-09,2.111e-05,1.746e-05,6.049e-05,5.979e-05
4410,1.86e-06,1.844e-06,1.86e-06,1.844e-06,1.583e-05,1.114e-09,2.047e-05,1.743e-05,5.948e-05,5.774e-05
4420,1.821e-06,1.825e-06,1.821e-06,1.825e-06,1.671e-05,1.066e-09,2.045e-05,1.736e-05,5.851e-05,5.863e-05
4430,1.727e-06,1.783e-06,1.727e-06,1.783e-06,1.623e-05,1.07e-09,2.009e-05,1.704e-05,5.712e-05,5.878e-05
4440,1.745e-06,1.767e-06,1.745e-06,1.767e-06,1.627e-05,1.091e-09,1.995e-05,1.71e-05,5.64e-05,5.783e-05
4450,1.772e-06,1.745e-06,1.772e-06,1.745e-06,1.639e-05,1.061e-09,1.991e-05,1.656e-05,5.67e-05,5.72e-05
4460,1.727e-06,1.737e-06,1.727e-06,1.737e-06,1.616e-05,1.056e-09,1.932e-05,1.645e-05,5.541e-05,5.679e-05
4470,1.717e-06,1.722e-06,1.717e-06,1.722e-06,1.588e-05,1.047e-09,1.936e-05,1.651e-05,5.639e-05,5.259e-05
4480,1.689e-06,1.702e-06,1.689e-06,1.702e-06,1.582e-05,1.028e-09,1.937e-05,1.609e-05,5.633e-05,5.414e-05
4490,1.665e-06,1.653e-06,1.665e-06,1.653e-06,1.531e-05,1.019e-09,1.925e-05,1.621e-05,5.584e-05,5.36e-05
4500,1.638e-06,1.64e-06,1.638e-06,1.64e-06,1.591e-05,1.029e-09,1.896e-05,1.586e-05,5.504e-05,5.41e-05
4510,1.634e-06,1.632e-06,1.634e-06,1.632e-06,1.562e-05,1.016e-09,1.889e-05,1.578e-05,5.298e-05,5.416e-05
4520,1.602e-06,1.606e-06,1.602e-06,1.606e-06,1.497e-05,9.956e-10,1.861e-05,1.588e-05,5.053e-05,5.358e-05
4530,1.584e-06,1.583e-06,1.584e-06,1.583e-06,1.523e-05,9.887e-10,1.83e-05,1.515e-05,5.387e-05,5.339e-05
4540,1.588e-06,1.58e-06,1.588e-06,1.58e-06,1.497e-05,9.738e-10,1.851e-05,1.538e-05,5.38e-05,5.282e-05
4550,1.567e-06,1.555e-06,1.567e-06,1.555e-06,1.479e-05,9.661e-10,1.809e-05,1.543e-05,5.212e-05,5.199e-05
4560,1.56e-06,1.521e-06,1.56e-06,1.521e-06,1.483e-05,9.683e-10,1.812e-05,1.511e-05,5.175e-05,5.199e-05
4570,1.522e-06,1.514e-06,1.522e-06,1.514e-06,1.47e-05,9.564e-10,1.79e-05,1.502e-05,5.194e-05,5.105e-05
4580,1.512e-06,1.494e-06,1.512e-06,1.494e-06,1.442e-05,9.48e-10,1.769e-05,1.482e-05,5.171e-05,5.088e-05
4590,1.49e-06,1.478e-06,1.49e-06,1.478e-06,1.404e-05,9.446e-10,1.752e-05,1.48e-05,5.051e-05,4.878e-05
4600,1.483e-06,1.489e-06,1.483e-06,1.489e-06,1.307e-05,9.362e-10,1.755e-05,1.454e-05,5.048e-05,5.015e-05
4610,1.463e-06,1.448e-06,1.463e-06,1.448e-06,1.382e-05,9.238e-10,1.722e-05,1.432e-05,5.028e-05,5.011e-05
4620,1.43e-06,1.453e-06,1.43e-06,1.453e-06,1.364e-05,9.145e-10,1.727e-05,1.447e-05,4.857e-05,4.868e-05
4630,1.409e-06,1.427e-06,1.409e-06,1.427e-06,1.409e-05,9.1e-10,1.688e-05,1.443e-05,4.797e-05,4.665e-05
4640,1.415e-06,1.401e-06,1.415e-06,1.401e-06,1.37e-05,8.958e-10,1.671e-05,1.411e-05,4.884e-05,4.701e-05
4650,1.401e-06,1.394e-06,1.401e-06,1.394e-06,1.338e-05,8.973e-10,1.655e-05,1.412e-05,4.625e-05,4.833e-05
4660,1.373e-06,1.381e-06,1.373e-06,1.381e-06,1.367e-05,8.948e-10,1.677e-05,1.407e-05,4.561e-05,4.788e-05
4670,1.367e-06,1.354e-06,1.367e-06,1.354e-06,1.312e-05,8.836e-10,1.636e-05,1.382e-05,4.643e-05,4.693e-05
4680,1.349e-06,1.354e-06,1.349e-06,1.354e-06,1.322e-05,8.7e-10,1.628e-05,1.383e-05,4.761e-05,4.68e-05
4690,1.347e-06,1.339e-06,1.347e-06,1.339e-06,1.269e-05,8.481e-10,1.615e-05,1.367e-05,4.709e-05,4.657e-05
4700,1.322e-06,1.332e-06,1.322e-06,1.332e-06,1.256e-05,8.564e-10,1.617e-05,1.344e-05,4.608e-05,4.509e-05
4710,1.309e-06,1.286e-06,1.309e-06,1.286e-06,1.305e-05,8.455e-10,1.596e-05,1.328e-05,4.578e-05,4.6e-05
4720,1.296e-06,1.307e-06,1.296e-06,1.307e-06,1.293e-05,8.476e-10,1.529e-05,1.324e-05,4.479e-05,4.523e-05
4730,1.298e-06,1.285e-06,1.298e-06,1.285e-06,1.256e-05,8.365e-10,1.533e-05,1.299e-05,4.44e-05,4.464e-05
4740,1.281e-06,1.285e-06,1.281e-06,1.285e-06,1.272e-05,8.138e-10,1.539e-05,1.289e-05,4.447e-05,4.456e-05
4750,1.28e-06,1.261e-06,1.28e-06,1.261e-06,1.27e-05,8.166e-10,1.539e-05,1.275e-05,4.49e-05,4.436e-05
4760,1.23e-06,1.248e-06,1.23e-06,1.248e-06,1.241e-05,8.083e-10,1.512e-05,1.283e-05,3.808e-05,4.293e-05
4770,1.241e-06,1.221e-06,1.241e-06,1.221e-06,1.226e-05,8.074e-10,1.52e-05,1.275e-05,4.356e-05,4.375e-05
4780,1.215e-06,1.212e-06,1.215e-06,1.212e-06,1.236e-05,7.906e-10,1.466e-05,1.265e-05,4.269e-05,4.238e-05
4790,1.204e-06,1.204e-06,1.204e-06,1.204e-06,1.23e-05,7.981e-10,1.403e-05,1.257e-05,4.369e-05,4.294e-05
4800,1.201e-06,1.192e-06,1.201e-06,1.192e-06,1.204e-05,7.87e-10,1.461e-05,1.231e-05,4.239e-05,4.214e-05
4810,1.177e-06,1.17e-06,1.177e-06,1.17e-06,1.164e-05,7.688e-10,1.467e-05,1.171e-05,4.301e-05,4.194e-05
4820,1.173e-06,1.19e-06,1.173e-06,1.19e-06,1.195e-05,7.696e-10,1.448e-05,1.193e-05,4.05e-05,4.186e-05
4830,1.151e-06,1.158e-06,1.151e-06,1.158e-06,1.196e-05,7.588e-10,1.436e-05,1.211e-05,3.939e-05,4.162e-05
4840,1.151e-06,1.149e-06,1.151e-06,1.149e-06,1.165e-05,7.656e-10,1.427e-05,1.2e-05,3.958e-05,3.983e-05
4850,1.135e-06,1.131e-06,1.135e-06,1.131e-06,1.14e-05,7.543e-10,1.376e-05,1.198e-05,4.18e-05,4.071e-05
4860,1.122e-06,1.131e-06,1.122e-06,1.131e-06,1.142e-05,7.473e-10,1.385e-05,1.178e-05,4.105e-05,4.012e-05
4870,1.12e-06,1.116e-06,1.12e-06,1.116e-06,1.126e-05,7.392e-10,1.376e-05,1.156e-05,4.028e-05,3.996e-05
4880,1.097e-06,1.118e-06,1.097e-06,1.118e-06,1.097e-05,7.335e-10,1.353e-05,1.154e-05,3.946e-05,3.867e-05
4890,1.102e-06,1.101e-06,1.102e-06,1.101e-06,1.134e-05,7.347e-10,1.378e-05,1.157e-05,4.005e-05,3.904e-05
4900,1.077e-06,1.075e-06,1.077e-06,1.075e-06,1.118e-05,7.185e-10,1.358e-05,1.133e-05,3.956e-05,3.905e-05
4910,1.067e-06,1.083e-06,1.067e-06,1.083e-06,1.111e-05,7.266e-10,1.342e-05,1.123e-05,3.927e-05,3.878e-05
4920,1.052e-06,1.054e-06,1.052e-06,1.054e-06,1.072e-05,7.189e-10,1.335e-05,1.128e-05,3.861e-05,3.845e-05
4930,1.05e-06,1.065e-06,1.05e-06,1.065e-06,1.08e-05,7.125e-10,1.309e-05,1.103e-05,3.848e-05,3.81e-05
4940,1.047e-06,1.038e-06,1.047e-06,1.038e-06,1.098e-05,7.011e-10,1.321e-05,1.105e-05,3.775e-05,3.737e-05
4950,1.028e-06,1.041e-06,1.028e-06,1.041e-06,1.061e-05,6.973e-10,1.304e-05,1.08e-05,3.785e-05,3.674e-05
4960,1.03e-06,1.009e-06,1.03e-06,1.009e-06,1.042e-05,6.915e-10,1.273e-05,1.086e-05,3.764e-05,3.698e-05
4970,1.017e-06,1.025e-06,1.017e-06,1.025e-06,1.057e-05,6.759e-10,1.28e-05,1.075e-05,3.727e-05,3.612e-05
4980,1.013e-06,1.002e-06,1.013e-06,1.002e-06,1.03e-05,6.763e-10,1.233e-05,1.078e-05,3.714e-05,3.68e-05
4990,9.87e-07,9.922e-07,9.87e-07,9.922e-07,1.038e-05,6.797e-10,1.259e-05,1.062e-05,3.624e-05,3.606e-05
5000,9.791e-07,9.852e-07,9.791e-07,9.852e-07,1.039e-05,6.717e-10,1.255e-05,1.044e-05,3.606e-05,3.602e-05
